competencia;tipo;ipca_pct;incc_pct;igpm_pct;cdi_pct;tr_pct
2023-01;REALIZADO;0,4189;0,3838;0,2884;0,9789;0,0712
2023-02;REALIZADO;0,2649;0,5402;0,2023;0,9789;0,0712
2023-03;REALIZADO;0,2870;0,5693;0,2381;0,9789;0,0712
2023-04;REALIZADO;0,3037;0,5397;0,5223;0,9789;0,0712
2023-05;REALIZADO;0,3759;0,4163;0,1607;0,9789;0,0712
2023-06;REALIZADO;0,4821;0,5831;0,4412;0,9789;0,0712
2023-07;REALIZADO;0,4485;0,4633;0,3185;0,9789;0,0712
2023-08;REALIZADO;0,3096;0,5133;0,5603;0,9789;0,0712
2023-09;REALIZADO;0,4585;0,4847;0,1377;0,9789;0,0712
2023-10;REALIZADO;0,3190;0,3806;0,2702;0,9789;0,0712
2023-11;REALIZADO;0,3184;0,4424;0,5410;0,9789;0,0712
2023-12;REALIZADO;0,4174;0,4641;0,3813;0,9789;0,0712
2024-01;REALIZADO;0,3502;0,5132;0,6375;0,8583;0,0421
2024-02;REALIZADO;0,3829;0,5350;0,5170;0,8583;0,0421
2024-03;REALIZADO;0,2823;0,3757;0,4752;0,8583;0,0421
2024-04;REALIZADO;0,3278;0,4958;0,1835;0,8583;0,0421
2024-05;REALIZADO;0,4993;0,5339;0,3591;0,8583;0,0421
2024-06;REALIZADO;0,4458;0,5793;0,5006;0,8583;0,0421
2024-07;REALIZADO;0,4192;0,5921;0,4180;0,8583;0,0421
2024-08;REALIZADO;0,3236;0,4735;0,3404;0,8583;0,0421
2024-09;REALIZADO;0,5069;0,4549;0,5293;0,8583;0,0421
2024-10;REALIZADO;0,2860;0,4330;0,6738;0,8583;0,0421
2024-11;REALIZADO;0,4693;0,3888;0,4308;0,8583;0,0421
2024-12;REALIZADO;0,5045;0,3789;0,3671;0,8583;0,0421
2025-01;REALIZADO;0,4763;0,4318;0,7584;1,0979;0,1003
2025-02;REALIZADO;0,4281;0,5777;0,3008;1,0979;0,1003
2025-03;REALIZADO;0,4767;0,5256;0,4092;1,0979;0,1003
2025-04;REALIZADO;0,5244;0,5122;0,7415;1,0979;0,1003
2025-05;REALIZADO;0,4954;0,4142;0,1826;1,0979;0,1003
2025-06;REALIZADO;0,4287;0,3863;0,4090;1,0979;0,1003
2025-07;REALIZADO;0,3884;0,4098;0,0480;1,0979;0,1003
2025-08;REALIZADO;0,3743;0,5250;0,3637;1,0979;0,1003
2025-09;REALIZADO;0,4350;0,5571;0,4920;1,0979;0,1003
2025-10;REALIZADO;0,3598;0,5369;0,2455;1,0979;0,1003
2025-11;REALIZADO;0,4908;0,4848;0,4158;1,0979;0,1003
2025-12;REALIZADO;0,3939;0,5984;0,4063;1,0979;0,1003
2026-01;REALIZADO;0,2698;0,4849;0,2585;1,1274;0,1075
2026-02;REALIZADO;0,3309;0,4785;0,3456;1,1274;0,1075
2026-03;REALIZADO;0,3427;0,5254;0,1766;1,1274;0,1075
2026-04;REALIZADO;0,4501;0,4674;0,5967;1,1274;0,1075
2026-05;REALIZADO;0,4526;0,4344;0,4886;1,1274;0,1075
2026-06;REALIZADO;0,4146;0,4101;0,2288;1,1274;0,1075
2026-07;REALIZADO;0,4683;0,4999;0,2484;1,1274;0,1075
2026-08;REALIZADO;0,2600;0,4388;0,3117;1,1274;0,1075
2026-09;PROJETADO;0,3595;0,4551;0,3595;1,0979;0,1003
2026-10;PROJETADO;0,3595;0,4551;0,3595;1,0979;0,1003
2026-11;PROJETADO;0,3595;0,4551;0,3595;1,0979;0,1003
2026-12;PROJETADO;0,3595;0,4551;0,3595;1,0979;0,1003
2027-01;PROJETADO;0,3274;0,4233;0,3274;0,9489;0,0639
2027-02;PROJETADO;0,3274;0,4233;0,3274;0,9489;0,0639
2027-03;PROJETADO;0,3274;0,4233;0,3274;0,9489;0,0639
2027-04;PROJETADO;0,3274;0,4233;0,3274;0,9489;0,0639
2027-05;PROJETADO;0,3274;0,4233;0,3274;0,9489;0,0639
2027-06;PROJETADO;0,3274;0,4233;0,3274;0,9489;0,0639
2027-07;PROJETADO;0,3274;0,4233;0,3274;0,9489;0,0639
2027-08;PROJETADO;0,3274;0,4233;0,3274;0,9489;0,0639
2027-09;PROJETADO;0,3274;0,4233;0,3274;0,9489;0,0639
2027-10;PROJETADO;0,3274;0,4233;0,3274;0,9489;0,0639
2027-11;PROJETADO;0,3274;0,4233;0,3274;0,9489;0,0639
2027-12;PROJETADO;0,3274;0,4233;0,3274;0,9489;0,0639
2028-01;PROJETADO;0,3113;0,4074;0,3113;0,8355;0,0366
2028-02;PROJETADO;0,3113;0,4074;0,3113;0,8355;0,0366
2028-03;PROJETADO;0,3113;0,4074;0,3113;0,8355;0,0366
2028-04;PROJETADO;0,3113;0,4074;0,3113;0,8355;0,0366
2028-05;PROJETADO;0,3113;0,4074;0,3113;0,8355;0,0366
2028-06;PROJETADO;0,3113;0,4074;0,3113;0,8355;0,0366
2028-07;PROJETADO;0,3113;0,4074;0,3113;0,8355;0,0366
2028-08;PROJETADO;0,3113;0,4074;0,3113;0,8355;0,0366
2028-09;PROJETADO;0,3113;0,4074;0,3113;0,8355;0,0366
2028-10;PROJETADO;0,3113;0,4074;0,3113;0,8355;0,0366
2028-11;PROJETADO;0,3113;0,4074;0,3113;0,8355;0,0366
2028-12;PROJETADO;0,3113;0,4074;0,3113;0,8355;0,0366
2029-01;PROJETADO;0,2871;0,3835;0,2871;0,7974;0,0275
2029-02;PROJETADO;0,2871;0,3835;0,2871;0,7974;0,0275
2029-03;PROJETADO;0,2871;0,3835;0,2871;0,7974;0,0275
2029-04;PROJETADO;0,2871;0,3835;0,2871;0,7974;0,0275
2029-05;PROJETADO;0,2871;0,3835;0,2871;0,7974;0,0275
2029-06;PROJETADO;0,2871;0,3835;0,2871;0,7974;0,0275
2029-07;PROJETADO;0,2871;0,3835;0,2871;0,7974;0,0275
2029-08;PROJETADO;0,2871;0,3835;0,2871;0,7974;0,0275
2029-09;PROJETADO;0,2871;0,3835;0,2871;0,7974;0,0275
2029-10;PROJETADO;0,2871;0,3835;0,2871;0,7974;0,0275
2029-11;PROJETADO;0,2871;0,3835;0,2871;0,7974;0,0275
2029-12;PROJETADO;0,2871;0,3835;0,2871;0,7974;0,0275
2030-01;PROJETADO;0,2871;0,3835;0,2871;0,7592;0,0183
2030-02;PROJETADO;0,2871;0,3835;0,2871;0,7592;0,0183
2030-03;PROJETADO;0,2871;0,3835;0,2871;0,7592;0,0183
2030-04;PROJETADO;0,2871;0,3835;0,2871;0,7592;0,0183
2030-05;PROJETADO;0,2871;0,3835;0,2871;0,7592;0,0183
2030-06;PROJETADO;0,2871;0,3835;0,2871;0,7592;0,0183
2030-07;PROJETADO;0,2871;0,3835;0,2871;0,7592;0,0183
2030-08;PROJETADO;0,2871;0,3835;0,2871;0,7592;0,0183
2030-09;PROJETADO;0,2871;0,3835;0,2871;0,7592;0,0183
2030-10;PROJETADO;0,2871;0,3835;0,2871;0,7592;0,0183
2030-11;PROJETADO;0,2871;0,3835;0,2871;0,7592;0,0183
2030-12;PROJETADO;0,2871;0,3835;0,2871;0,7592;0,0183
2031-01;PROJETADO;0,2871;0,3835;0,2871;0,7592;0,0183
2031-02;PROJETADO;0,2871;0,3835;0,2871;0,7592;0,0183
2031-03;PROJETADO;0,2871;0,3835;0,2871;0,7592;0,0183
2031-04;PROJETADO;0,2871;0,3835;0,2871;0,7592;0,0183
2031-05;PROJETADO;0,2871;0,3835;0,2871;0,7592;0,0183
2031-06;PROJETADO;0,2871;0,3835;0,2871;0,7592;0,0183
2031-07;PROJETADO;0,2871;0,3835;0,2871;0,7592;0,0183
2031-08;PROJETADO;0,2871;0,3835;0,2871;0,7592;0,0183
2031-09;PROJETADO;0,2871;0,3835;0,2871;0,7592;0,0183
2031-10;PROJETADO;0,2871;0,3835;0,2871;0,7592;0,0183
2031-11;PROJETADO;0,2871;0,3835;0,2871;0,7592;0,0183
2031-12;PROJETADO;0,2871;0,3835;0,2871;0,7592;0,0183
